Questions,Answers,labels
How does Alexander Elder decide when to enter a trade?,Alexander Elder enters trades by first identifying the main trend on a higher timeframe and then waiting for a pullback on a lower timeframe before entering in the direction of the trend.,Timing
What indicators does Alexander Elder use to time trade entries?,"Elder relies on indicators such as the MACD histogram, moving averages, Stochastic oscillator, and the Force Index to help determine the best timing for entering trades.",Timing
How does the Triple Screen Trading System help Alexander Elder time trades?,"The Triple Screen Trading System uses three steps: identifying the main trend, spotting a pullback against the trend, and then using a short timeframe signal to determine the exact entry point.",Timing
How does Alexander Elder determine the best timeframe for entering a trade?,Elder typically analyzes a longer timeframe chart first to determine the dominant trend and then moves to a shorter timeframe to identify a precise entry.,Timing
How does Alexander Elder identify pullbacks before entering a trade?,He waits for the market to temporarily move against the main trend and then looks for signals that the trend is resuming before entering.,Timing
How does Alexander Elder confirm a good entry point in the market?,Elder confirms entry points by checking whether both price action and technical indicators support the same direction of the trade.,Timing
What role do oscillators play in Alexander Elder's trade timing?,"Oscillators help Elder identify overbought or oversold conditions, which signal potential pullbacks that can offer good entry opportunities.",Timing
How does Alexander Elder use MACD to time trades?,The MACD histogram helps Elder identify changes in momentum and detect early signs that a trend may be strengthening or weakening.,Timing
How does Alexander Elder decide when to exit a trade?,"Elder exits trades when the trend shows signs of weakening, when indicators diverge from price movement, or when a predefined profit or stop level is reached.",Timing
What signals tell Alexander Elder that it is time to close a position?,"He closes positions when momentum indicators weaken, when price action breaks key levels, or when the market moves against his risk management rules.",Timing
How does Alexander Elder use momentum indicators for timing trades?,Elder studies momentum indicators to see whether the strength of the market supports entering or exiting a trade.,Timing
How does Alexander Elder avoid entering trades too early?,He waits for confirmation signals from indicators and price movement instead of entering based on assumptions.,Timing
How does Alexander Elder confirm breakout timing?,He confirms breakouts by checking whether the breakout aligns with the main trend and whether momentum indicators support the move.,Timing
How does Alexander Elder use multiple timeframes in trading decisions?,Elder studies multiple timeframes so he can align short term entries with the long term trend direction.,Timing
What chart timeframe does Alexander Elder analyze first before making a trade?,He typically begins with weekly charts to identify the overall trend and then analyzes daily charts to determine entry timing.,Timing
How does Alexander Elder detect trend reversals for trade timing?,He looks for divergences between indicators and price movement as early signals that the trend might be changing.,Timing
How does Alexander Elder identify weakening trends before exiting a trade?,He monitors declining momentum indicators and price structure changes to detect when a trend is losing strength.,Timing
How does Alexander Elder combine trend analysis with entry signals?,He combines trend analysis with signals from oscillators or momentum indicators to identify precise entry points.,Timing
What role does market momentum play in Alexander Elder's timing decisions?,Market momentum helps Elder determine whether a trend has enough strength to justify entering a trade.,Timing
How does Alexander Elder use the Force Index to identify entry opportunities?,The Force Index helps Elder measure buying and selling pressure and identify potential entry opportunities during pullbacks.,Timing
How does Alexander Elder decide when to enter a trade?,Alexander Elder enters trades by first identifying the main trend on a higher timeframe and then waiting for a pullback on a lower timeframe before entering in the direction of the trend.,Timing
What indicators does Alexander Elder use to time trade entries?,"Elder relies on indicators such as the MACD histogram, moving averages, Stochastic oscillator, and the Force Index to help determine the best timing for entering trades.",Timing
How does the Triple Screen Trading System help Alexander Elder time trades?,"The Triple Screen Trading System uses three steps: identifying the main trend, spotting a pullback against the trend, and then using a short timeframe signal to determine the exact entry point.",Timing
How does Alexander Elder determine the best timeframe for entering a trade?,Elder typically analyzes a longer timeframe chart first to determine the dominant trend and then moves to a shorter timeframe to identify a precise entry.,Timing
How does Alexander Elder identify pullbacks before entering a trade?,He waits for the market to temporarily move against the main trend and then looks for signals that the trend is resuming before entering.,Timing
How does Alexander Elder confirm a good entry point in the market?,Elder confirms entry points by checking whether both price action and technical indicators support the same direction of the trade.,Timing
What role do oscillators play in Alexander Elder's trade timing?,"Oscillators help Elder identify overbought or oversold conditions, which signal potential pullbacks that can offer good entry opportunities.",Timing
How does Alexander Elder use MACD to time trades?,The MACD histogram helps Elder identify changes in momentum and detect early signs that a trend may be strengthening or weakening.,Timing
How does Alexander Elder decide when to exit a trade?,"Elder exits trades when the trend shows signs of weakening, when indicators diverge from price movement, or when a predefined profit or stop level is reached.",Timing
What signals tell Alexander Elder that it is time to close a position?,"He closes positions when momentum indicators weaken, when price action breaks key levels, or when the market moves against his risk management rules.",Timing
How does Alexander Elder use momentum indicators for timing trades?,Elder studies momentum indicators to see whether the strength of the market supports entering or exiting a trade.,Timing
How does Alexander Elder avoid entering trades too early?,He waits for confirmation signals from indicators and price movement instead of entering based on assumptions.,Timing
How does Alexander Elder confirm breakout timing?,He confirms breakouts by checking whether the breakout aligns with the main trend and whether momentum indicators support the move.,Timing
How does Alexander Elder use multiple timeframes in trading decisions?,Elder studies multiple timeframes so he can align short term entries with the long term trend direction.,Timing
What chart timeframe does Alexander Elder analyze first before making a trade?,He typically begins with weekly charts to identify the overall trend and then analyzes daily charts to determine entry timing.,Timing
How does Alexander Elder detect trend reversals for trade timing?,He looks for divergences between indicators and price movement as early signals that the trend might be changing.,Timing
How does Alexander Elder identify weakening trends before exiting a trade?,He monitors declining momentum indicators and price structure changes to detect when a trend is losing strength.,Timing
How does Alexander Elder combine trend analysis with entry signals?,He combines trend analysis with signals from oscillators or momentum indicators to identify precise entry points.,Timing
What role does market momentum play in Alexander Elder's timing decisions?,Market momentum helps Elder determine whether a trend has enough strength to justify entering a trade.,Timing
How does Alexander Elder use the Force Index to identify entry opportunities?,The Force Index helps Elder measure buying and selling pressure and identify potential entry opportunities during pullbacks.,Timing
How does Alexander Elder decide when to enter a trade?,Alexander Elder enters trades by first identifying the main trend on a higher timeframe and then waiting for a pullback on a lower timeframe before entering in the direction of the trend.,Timing
What indicators does Alexander Elder use to time trade entries?,"Elder relies on indicators such as the MACD histogram, moving averages, Stochastic oscillator, and the Force Index to help determine the best timing for entering trades.",Timing
How does the Triple Screen Trading System help Alexander Elder time trades?,"The Triple Screen Trading System uses three steps: identifying the main trend, spotting a pullback against the trend, and then using a short timeframe signal to determine the exact entry point.",Timing
How does Alexander Elder determine the best timeframe for entering a trade?,Elder typically analyzes a longer timeframe chart first to determine the dominant trend and then moves to a shorter timeframe to identify a precise entry.,Timing
How does Alexander Elder identify pullbacks before entering a trade?,He waits for the market to temporarily move against the main trend and then looks for signals that the trend is resuming before entering.,Timing
How does Alexander Elder confirm a good entry point in the market?,Elder confirms entry points by checking whether both price action and technical indicators support the same direction of the trade.,Timing
What role do oscillators play in Alexander Elder's trade timing?,"Oscillators help Elder identify overbought or oversold conditions, which signal potential pullbacks that can offer good entry opportunities.",Timing
How does Alexander Elder use MACD to time trades?,The MACD histogram helps Elder identify changes in momentum and detect early signs that a trend may be strengthening or weakening.,Timing
How does Alexander Elder decide when to exit a trade?,"Elder exits trades when the trend shows signs of weakening, when indicators diverge from price movement, or when a predefined profit or stop level is reached.",Timing
What signals tell Alexander Elder that it is time to close a position?,"He closes positions when momentum indicators weaken, when price action breaks key levels, or when the market moves against his risk management rules.",Timing
How does Alexander Elder use momentum indicators for timing trades?,Elder studies momentum indicators to see whether the strength of the market supports entering or exiting a trade.,Timing
How does Alexander Elder avoid entering trades too early?,He waits for confirmation signals from indicators and price movement instead of entering based on assumptions.,Timing
How does Alexander Elder confirm breakout timing?,He confirms breakouts by checking whether the breakout aligns with the main trend and whether momentum indicators support the move.,Timing
How does Alexander Elder use multiple timeframes in trading decisions?,Elder studies multiple timeframes so he can align short term entries with the long term trend direction.,Timing
What chart timeframe does Alexander Elder analyze first before making a trade?,He typically begins with weekly charts to identify the overall trend and then analyzes daily charts to determine entry timing.,Timing
How does Alexander Elder detect trend reversals for trade timing?,He looks for divergences between indicators and price movement as early signals that the trend might be changing.,Timing
How does Alexander Elder identify weakening trends before exiting a trade?,He monitors declining momentum indicators and price structure changes to detect when a trend is losing strength.,Timing
How does Alexander Elder combine trend analysis with entry signals?,He combines trend analysis with signals from oscillators or momentum indicators to identify precise entry points.,Timing
What role does market momentum play in Alexander Elder's timing decisions?,Market momentum helps Elder determine whether a trend has enough strength to justify entering a trade.,Timing
How does Alexander Elder use the Force Index to identify entry opportunities?,The Force Index helps Elder measure buying and selling pressure and identify potential entry opportunities during pullbacks.,Timing
How does Alexander Elder decide when to enter a trade?,Alexander Elder enters trades by first identifying the main trend on a higher timeframe and then waiting for a pullback on a lower timeframe before entering in the direction of the trend.,Timing
What indicators does Alexander Elder use to time trade entries?,"Elder relies on indicators such as the MACD histogram, moving averages, Stochastic oscillator, and the Force Index to help determine the best timing for entering trades.",Timing
How does the Triple Screen Trading System help Alexander Elder time trades?,"The Triple Screen Trading System uses three steps: identifying the main trend, spotting a pullback against the trend, and then using a short timeframe signal to determine the exact entry point.",Timing
How does Alexander Elder determine the best timeframe for entering a trade?,Elder typically analyzes a longer timeframe chart first to determine the dominant trend and then moves to a shorter timeframe to identify a precise entry.,Timing
How does Alexander Elder identify pullbacks before entering a trade?,He waits for the market to temporarily move against the main trend and then looks for signals that the trend is resuming before entering.,Timing
How does Alexander Elder confirm a good entry point in the market?,Elder confirms entry points by checking whether both price action and technical indicators support the same direction of the trade.,Timing
What role do oscillators play in Alexander Elder's trade timing?,"Oscillators help Elder identify overbought or oversold conditions, which signal potential pullbacks that can offer good entry opportunities.",Timing
How does Alexander Elder use MACD to time trades?,The MACD histogram helps Elder identify changes in momentum and detect early signs that a trend may be strengthening or weakening.,Timing
How does Alexander Elder decide when to exit a trade?,"Elder exits trades when the trend shows signs of weakening, when indicators diverge from price movement, or when a predefined profit or stop level is reached.",Timing
What signals tell Alexander Elder that it is time to close a position?,"He closes positions when momentum indicators weaken, when price action breaks key levels, or when the market moves against his risk management rules.",Timing
How does Alexander Elder use momentum indicators for timing trades?,Elder studies momentum indicators to see whether the strength of the market supports entering or exiting a trade.,Timing
How does Alexander Elder avoid entering trades too early?,He waits for confirmation signals from indicators and price movement instead of entering based on assumptions.,Timing
How does Alexander Elder confirm breakout timing?,He confirms breakouts by checking whether the breakout aligns with the main trend and whether momentum indicators support the move.,Timing
How does Alexander Elder use multiple timeframes in trading decisions?,Elder studies multiple timeframes so he can align short term entries with the long term trend direction.,Timing
What chart timeframe does Alexander Elder analyze first before making a trade?,He typically begins with weekly charts to identify the overall trend and then analyzes daily charts to determine entry timing.,Timing
How does Alexander Elder detect trend reversals for trade timing?,He looks for divergences between indicators and price movement as early signals that the trend might be changing.,Timing
How does Alexander Elder identify weakening trends before exiting a trade?,He monitors declining momentum indicators and price structure changes to detect when a trend is losing strength.,Timing
How does Alexander Elder combine trend analysis with entry signals?,He combines trend analysis with signals from oscillators or momentum indicators to identify precise entry points.,Timing
What role does market momentum play in Alexander Elder's timing decisions?,Market momentum helps Elder determine whether a trend has enough strength to justify entering a trade.,Timing
How does Alexander Elder use the Force Index to identify entry opportunities?,The Force Index helps Elder measure buying and selling pressure and identify potential entry opportunities during pullbacks.,Timing
How does Alexander Elder decide when to enter a trade?,Alexander Elder enters trades by first identifying the main trend on a higher timeframe and then waiting for a pullback on a lower timeframe before entering in the direction of the trend.,Timing
What indicators does Alexander Elder use to time trade entries?,"Elder relies on indicators such as the MACD histogram, moving averages, Stochastic oscillator, and the Force Index to help determine the best timing for entering trades.",Timing
How does the Triple Screen Trading System help Alexander Elder time trades?,"The Triple Screen Trading System uses three steps: identifying the main trend, spotting a pullback against the trend, and then using a short timeframe signal to determine the exact entry point.",Timing
How does Alexander Elder determine the best timeframe for entering a trade?,Elder typically analyzes a longer timeframe chart first to determine the dominant trend and then moves to a shorter timeframe to identify a precise entry.,Timing
How does Alexander Elder identify pullbacks before entering a trade?,He waits for the market to temporarily move against the main trend and then looks for signals that the trend is resuming before entering.,Timing
How does Alexander Elder confirm a good entry point in the market?,Elder confirms entry points by checking whether both price action and technical indicators support the same direction of the trade.,Timing
What role do oscillators play in Alexander Elder's trade timing?,"Oscillators help Elder identify overbought or oversold conditions, which signal potential pullbacks that can offer good entry opportunities.",Timing
How does Alexander Elder use MACD to time trades?,The MACD histogram helps Elder identify changes in momentum and detect early signs that a trend may be strengthening or weakening.,Timing
How does Alexander Elder decide when to exit a trade?,"Elder exits trades when the trend shows signs of weakening, when indicators diverge from price movement, or when a predefined profit or stop level is reached.",Timing
What signals tell Alexander Elder that it is time to close a position?,"He closes positions when momentum indicators weaken, when price action breaks key levels, or when the market moves against his risk management rules.",Timing
How does Alexander Elder use momentum indicators for timing trades?,Elder studies momentum indicators to see whether the strength of the market supports entering or exiting a trade.,Timing
How does Alexander Elder avoid entering trades too early?,He waits for confirmation signals from indicators and price movement instead of entering based on assumptions.,Timing
How does Alexander Elder confirm breakout timing?,He confirms breakouts by checking whether the breakout aligns with the main trend and whether momentum indicators support the move.,Timing
How does Alexander Elder use multiple timeframes in trading decisions?,Elder studies multiple timeframes so he can align short term entries with the long term trend direction.,Timing
What chart timeframe does Alexander Elder analyze first before making a trade?,He typically begins with weekly charts to identify the overall trend and then analyzes daily charts to determine entry timing.,Timing
How does Alexander Elder detect trend reversals for trade timing?,He looks for divergences between indicators and price movement as early signals that the trend might be changing.,Timing
How does Alexander Elder identify weakening trends before exiting a trade?,He monitors declining momentum indicators and price structure changes to detect when a trend is losing strength.,Timing
How does Alexander Elder combine trend analysis with entry signals?,He combines trend analysis with signals from oscillators or momentum indicators to identify precise entry points.,Timing
What role does market momentum play in Alexander Elder's timing decisions?,Market momentum helps Elder determine whether a trend has enough strength to justify entering a trade.,Timing
How does Alexander Elder use the Force Index to identify entry opportunities?,The Force Index helps Elder measure buying and selling pressure and identify potential entry opportunities during pullbacks.,Timing
How does Alexander Elder decide when to enter a trade?,Alexander Elder enters trades by first identifying the main trend on a higher timeframe and then waiting for a pullback on a lower timeframe before entering in the direction of the trend.,Timing
What indicators does Alexander Elder use to time trade entries?,"Elder relies on indicators such as the MACD histogram, moving averages, Stochastic oscillator, and the Force Index to help determine the best timing for entering trades.",Timing
How does the Triple Screen Trading System help Alexander Elder time trades?,"The Triple Screen Trading System uses three steps: identifying the main trend, spotting a pullback against the trend, and then using a short timeframe signal to determine the exact entry point.",Timing
How does Alexander Elder determine the best timeframe for entering a trade?,Elder typically analyzes a longer timeframe chart first to determine the dominant trend and then moves to a shorter timeframe to identify a precise entry.,Timing
How does Alexander Elder identify pullbacks before entering a trade?,He waits for the market to temporarily move against the main trend and then looks for signals that the trend is resuming before entering.,Timing
How does Alexander Elder confirm a good entry point in the market?,Elder confirms entry points by checking whether both price action and technical indicators support the same direction of the trade.,Timing
What role do oscillators play in Alexander Elder's trade timing?,"Oscillators help Elder identify overbought or oversold conditions, which signal potential pullbacks that can offer good entry opportunities.",Timing
How does Alexander Elder use MACD to time trades?,The MACD histogram helps Elder identify changes in momentum and detect early signs that a trend may be strengthening or weakening.,Timing
How does Alexander Elder decide when to exit a trade?,"Elder exits trades when the trend shows signs of weakening, when indicators diverge from price movement, or when a predefined profit or stop level is reached.",Timing
What signals tell Alexander Elder that it is time to close a position?,"He closes positions when momentum indicators weaken, when price action breaks key levels, or when the market moves against his risk management rules.",Timing
How does Alexander Elder use momentum indicators for timing trades?,Elder studies momentum indicators to see whether the strength of the market supports entering or exiting a trade.,Timing
How does Alexander Elder avoid entering trades too early?,He waits for confirmation signals from indicators and price movement instead of entering based on assumptions.,Timing
How does Alexander Elder confirm breakout timing?,He confirms breakouts by checking whether the breakout aligns with the main trend and whether momentum indicators support the move.,Timing
How does Alexander Elder use multiple timeframes in trading decisions?,Elder studies multiple timeframes so he can align short term entries with the long term trend direction.,Timing
What chart timeframe does Alexander Elder analyze first before making a trade?,He typically begins with weekly charts to identify the overall trend and then analyzes daily charts to determine entry timing.,Timing
How does Alexander Elder detect trend reversals for trade timing?,He looks for divergences between indicators and price movement as early signals that the trend might be changing.,Timing
How does Alexander Elder identify weakening trends before exiting a trade?,He monitors declining momentum indicators and price structure changes to detect when a trend is losing strength.,Timing
How does Alexander Elder combine trend analysis with entry signals?,He combines trend analysis with signals from oscillators or momentum indicators to identify precise entry points.,Timing
What role does market momentum play in Alexander Elder's timing decisions?,Market momentum helps Elder determine whether a trend has enough strength to justify entering a trade.,Timing
How does Alexander Elder use the Force Index to identify entry opportunities?,The Force Index helps Elder measure buying and selling pressure and identify potential entry opportunities during pullbacks.,Timing
How does Alexander Elder decide when to enter a trade?,Alexander Elder enters trades by first identifying the main trend on a higher timeframe and then waiting for a pullback on a lower timeframe before entering in the direction of the trend.,Timing
What indicators does Alexander Elder use to time trade entries?,"Elder relies on indicators such as the MACD histogram, moving averages, Stochastic oscillator, and the Force Index to help determine the best timing for entering trades.",Timing
How does the Triple Screen Trading System help Alexander Elder time trades?,"The Triple Screen Trading System uses three steps: identifying the main trend, spotting a pullback against the trend, and then using a short timeframe signal to determine the exact entry point.",Timing
How does Alexander Elder determine the best timeframe for entering a trade?,Elder typically analyzes a longer timeframe chart first to determine the dominant trend and then moves to a shorter timeframe to identify a precise entry.,Timing
How does Alexander Elder identify pullbacks before entering a trade?,He waits for the market to temporarily move against the main trend and then looks for signals that the trend is resuming before entering.,Timing
How does Alexander Elder confirm a good entry point in the market?,Elder confirms entry points by checking whether both price action and technical indicators support the same direction of the trade.,Timing
What role do oscillators play in Alexander Elder's trade timing?,"Oscillators help Elder identify overbought or oversold conditions, which signal potential pullbacks that can offer good entry opportunities.",Timing
How does Alexander Elder use MACD to time trades?,The MACD histogram helps Elder identify changes in momentum and detect early signs that a trend may be strengthening or weakening.,Timing
How does Alexander Elder decide when to exit a trade?,"Elder exits trades when the trend shows signs of weakening, when indicators diverge from price movement, or when a predefined profit or stop level is reached.",Timing
What signals tell Alexander Elder that it is time to close a position?,"He closes positions when momentum indicators weaken, when price action breaks key levels, or when the market moves against his risk management rules.",Timing
How does Alexander Elder use momentum indicators for timing trades?,Elder studies momentum indicators to see whether the strength of the market supports entering or exiting a trade.,Timing
How does Alexander Elder avoid entering trades too early?,He waits for confirmation signals from indicators and price movement instead of entering based on assumptions.,Timing
How does Alexander Elder confirm breakout timing?,He confirms breakouts by checking whether the breakout aligns with the main trend and whether momentum indicators support the move.,Timing
How does Alexander Elder use multiple timeframes in trading decisions?,Elder studies multiple timeframes so he can align short term entries with the long term trend direction.,Timing
What chart timeframe does Alexander Elder analyze first before making a trade?,He typically begins with weekly charts to identify the overall trend and then analyzes daily charts to determine entry timing.,Timing
How does Alexander Elder detect trend reversals for trade timing?,He looks for divergences between indicators and price movement as early signals that the trend might be changing.,Timing
How does Alexander Elder identify weakening trends before exiting a trade?,He monitors declining momentum indicators and price structure changes to detect when a trend is losing strength.,Timing
How does Alexander Elder combine trend analysis with entry signals?,He combines trend analysis with signals from oscillators or momentum indicators to identify precise entry points.,Timing
What role does market momentum play in Alexander Elder's timing decisions?,Market momentum helps Elder determine whether a trend has enough strength to justify entering a trade.,Timing
How does Alexander Elder use the Force Index to identify entry opportunities?,The Force Index helps Elder measure buying and selling pressure and identify potential entry opportunities during pullbacks.,Timing
How does Alexander Elder decide when to enter a trade?,Alexander Elder enters trades by first identifying the main trend on a higher timeframe and then waiting for a pullback on a lower timeframe before entering in the direction of the trend.,Timing
What indicators does Alexander Elder use to time trade entries?,"Elder relies on indicators such as the MACD histogram, moving averages, Stochastic oscillator, and the Force Index to help determine the best timing for entering trades.",Timing
How does the Triple Screen Trading System help Alexander Elder time trades?,"The Triple Screen Trading System uses three steps: identifying the main trend, spotting a pullback against the trend, and then using a short timeframe signal to determine the exact entry point.",Timing
How does Alexander Elder determine the best timeframe for entering a trade?,Elder typically analyzes a longer timeframe chart first to determine the dominant trend and then moves to a shorter timeframe to identify a precise entry.,Timing
How does Alexander Elder identify pullbacks before entering a trade?,He waits for the market to temporarily move against the main trend and then looks for signals that the trend is resuming before entering.,Timing
How does Alexander Elder confirm a good entry point in the market?,Elder confirms entry points by checking whether both price action and technical indicators support the same direction of the trade.,Timing
What role do oscillators play in Alexander Elder's trade timing?,"Oscillators help Elder identify overbought or oversold conditions, which signal potential pullbacks that can offer good entry opportunities.",Timing
How does Alexander Elder use MACD to time trades?,The MACD histogram helps Elder identify changes in momentum and detect early signs that a trend may be strengthening or weakening.,Timing
How does Alexander Elder decide when to exit a trade?,"Elder exits trades when the trend shows signs of weakening, when indicators diverge from price movement, or when a predefined profit or stop level is reached.",Timing
What signals tell Alexander Elder that it is time to close a position?,"He closes positions when momentum indicators weaken, when price action breaks key levels, or when the market moves against his risk management rules.",Timing
